No,_Location,_Round,_Class,_Trainer,Raichu,Noctowl,Yanmega,Magmortar,Kingdra,Tyranitar,_Distance,_Partner
2,Cherrygrove City,,Rival,Theo,6,3,,,,,,
3,Route 30,,Youngster,Joey,,,,,,,,
4,Route 30,,Youngster,Mikey,,4,,,,,,
5,Route 30,,Bug Catcher,Don,,5,,,,,,
6,Route 31,,Bug Catcher,Wade,,,,,,,,
7,Sprout Tower,,Sage,Nico,7,6,,,,,,
8,Sprout Tower,,Sage,Chow,,7,,,,,,
9,Sprout Tower,,Sage,Edmond,8,,,,,,,
10,Sprout Tower,,Sage,Jin,,,,,,,,
11,Sprout Tower,,Sage,Neal,,8,,,,,,
12,Sprout Tower,,Sage,Troy,9,,,,,,,
13,Sprout Tower,,Elder,Li,,9,,,,,,
14,Violet City,,Bird Keeper,Abe,10,,,,,,,
15,Violet City,,Bird Keeper,Rod,,,,,,,,
16,Violet City,,Leader,Faulkner,,10,,,,,,
17,Violet City,,Leader,Faulkner,,,,,,,,
18,Violet City,,Leader,Faulkner,,,,,,,,
19,Violet City,,Leader,Faulkner,11,11,,,,,,
20,Route 32,,Youngster,Albert,,,,,,,,
21,Route 32,,Picnicker,Liz,,,,,,,,
22,Route 32,,Fisherman,Henry,12,,,,,,,
23,Route 32,,Fisherman,Justin,,,,,,,,
24,Route 32,,Fisherman,Ralph,,,,,,,,
25,Route 32,,Youngster,Gordon,,,,,,,,
26,Route 32,,Camper,Roland,,12,,,,,,
27,Route 33,,Bird Keeper,Peter,,,,,,,,
28,Union Cave,,Firebreather,Bill,,13,,,,,,
29,Union Cave,,Firebreather,Ray,13,,,,,,,
30,Union Cave,,Hiker,Russel,,,,,,,,
31,Union Cave,,Poké Maniac,Larry,,,,,,,,
32,Slowpoke Well,,Team Rocket Grunt,,,,,,,,,
33,Slowpoke Well,,Team Rocket Grunt,,14,14,,,,,,
34,Slowpoke Well,,Team Rocket Grunt,,,,,,,,,
35,Slowpoke Well,,Executive,Proton,,,,,,,,
36,Azalea Town,,Bug Catcher,Al,,,,,,,,
37,Azalea Town,,Bug Catcher,Benny,15,15,,,,,,
38,Azalea Town,,Twins,Amy & Mimi,,,,,,,,
39,Azalea Town,,Bug Catcher,Josh,,,,,,,,
40,Azalea Town,,Leader,Bugsy,,,,,,,,
41,Azalea Town,,Leader,Bugsy,,,,,,,,
42,Azalea Town,,Leader,Bugsy,,,,,,,,
43,Union Cave,,Hiker,Daniel,,,,,,,,
44,Route 33,,Hiker,Anthony,16,,,,,,,
45,Azalea Town,,Leader,Bugsy,,,,,,,,
46,Azalea Town,,Leader,Bugsy,,,,,,,,
47,Azalea Town,,Leader,Bugsy,,,,,,,,
48,Azalea Town,,Leader,Bugsy,,,,,,,,
49,Azalea Town,,Leader,Bugsy,,,,,,,,
50,Azalea Town,,Leader,Bugsy,,,,,,,,
51,Azalea Town,,Leader,Bugsy,,,,,,,,
52,Azalea Town,,Leader,Bugsy,,16,,,,,,
53,Azalea Town,,Leader,Bugsy,,,,,,,,
54,Azalea Town,,Leader,Bugsy,,,,,,,,
55,Azalea Town,,Leader,Bugsy,,,,,,,,
56,Azalea Town,,Leader,Bugsy,,,,,,,,
57,Azalea Town,,Leader,Bugsy,,,,,,,,
58,Azalea Town,,Leader,Bugsy,,,,,,,,
59,Azalea Town,,Leader,Bugsy,,,,,,,,
60,Azalea Town,,Leader,Bugsy,,,,,,,,
61,Azalea Town,,Leader,Bugsy,,17,,,,,,
62,Azalea Town,,Leader,Bugsy,,,,,,,,
63,Azalea Town,,Leader,Bugsy,,,,,,,,
64,Azalea Town,,Leader,Bugsy,,,,,,,,
65,Azalea Town,,Leader,Bugsy,,,,,,,,
66,Azalea Town,,Leader,Bugsy,,,,,,,,
67,Azalea Town,,Leader,Bugsy,,,,,,,,
68,Azalea Town,,Leader,Bugsy,,,,,,,,
69,Azalea Town,,Leader,Bugsy,,,,,,,,
70,Azalea Town,,Leader,Bugsy,,,,,,,,
71,Azalea Town,,Leader,Bugsy,,,,,,,,
72,Azalea Town,,Leader,Bugsy,,,,,,,,
73,Azalea Town,,Leader,Bugsy,,18,,,,,,
74,Azalea Town,,Leader,Bugsy,,,,,,,,
75,Azalea Town,,Leader,Bugsy,,,,,,,,
76,Azalea Town,,Leader,Bugsy,17,,,,,,,
77,Azalea Town,,Rival,Theo,,19,,,,,,
78,Route 34,,Youngster,Samuel,,,,,,,,
79,Route 34,,Pokéfan,Brandon,,20,,,,,,
80,Route 34,,Youngster,Ian,,,,,,,,
81,Route 34,,Picnicker,Gina,18,,,,,,,
82,Route 34,,Policeman,Keith,,,,,,,,
83,Route 34,,Camper,Todd,,,,,,,,
84,Route 35,,Picnicker,Kim,,,,,,,,
85,Route 35,,Camper,Elliot,,,,,,,,
86,Route 35,,Picnicker,Brooke,19,,,,,,,
87,Route 35,,Camper,Ivan,,21,,,,,,
88,Route 35,,Juggler,Irwin,,,,,,,,
89,Route 35,,Firebreather,Walt,,22,,,,,,
90,Route 35,,Policeman,Dirk,,,,,,,,
91,Route 35,,Bug Catcher,Arnie,,,,,,,,
92,Route 35,,Bird Keeper,Bryan,20,,,,,,,
93,National Park,,School Kid,Jack,,,,,,,,
94,National Park,,Pokéfan,Beverly,,,,,,,,
95,National Park,,Lass,Krise,,23,,,,,,
96,National Park,,Pokéfan,William,,,,,,,,
97,Route 36,,Psychic,Mark,21,,,,,,,
98,Route 36,,School Kid,Alan,,,12,,,,,
99,Goldenrod City,,Beauty,Victoria,,,,,,,,
100,Goldenrod City,,Beauty,Samantha,,,,,,,,
101,Goldenrod City,,Lass,Carrie,,,13,,,,,
102,Goldenrod City,,Lass,Cathy,,,,,,,,
103,Goldenrod City,,Leader,Whitney,,,14,,,,,
104,Goldenrod City,,Leader,Whitney,,,,,,,,
105,Goldenrod City,,Leader,Whitney,,,,,,,,
106,Goldenrod City,,Leader,Whitney,,,,,,,,
107,Goldenrod City,,Leader,Whitney,,,15,,,,,
108,Goldenrod City,,Leader,Whitney,,24,,,,,,
109,Goldenrod City,,Leader,Whitney,,,16,,,,,
110,Route 37,,Twins,Tori & Til,22,,,,,,,
111,Route 37,,Beauty/Beauty,Callie/Kassandra,,,17,,,,,
112,Route 37,,Psychic,Greg,,,,,,,,
113,Burned Tower,,Rival,Theo,,,18,,,,,
114,Burned Tower,,Firebreather,Ned,,,19,,,,,
115,Burned Tower,,Firebreather,Richard,,25,,,,,,
116,Ecruteak City,,Team Rocket Grunt,,,,,,,,,
117,Route 38,,Bird Keeper,Toby,23,,,,,,,
118,Route 38,,Sailor,Harry,,,20,,,,,
119,Route 38,,Lass,Dana,,,,,,,,
120,Route 38,,Beauty,Valerie,,,,,,,,
121,Route 38,,School Kid,Chad,,,,,,,,
122,Route 39,,Psychic,Nelson,,,21,,,,,
123,Route 39,,Sailor,Eugene,24,,,,,,,
124,Route 39,,Pokéfan,Ruth,,,,,,,,
125,Route 39,,Pokéfan,Derek,,,,,,,,
126,Olivine City,,Beauty,Charlotte,,,22,,,,,
127,Shining Lighthouse,,Gentleman,Alfred,,,,,,,,
128,Shining Lighthouse,,Sailor,Huey,,,,,,,,
129,Shining Lighthouse,,Bird Keeper,Theo,25,,,,,,,
130,Shining Lighthouse,,Gentleman,Preston,,,23,,,,,
131,Shining Lighthouse,,Lass,Connie,,,,,,,,
132,Shining Lighthouse,,Sailor,Kent,,,,,,,,
133,Shining Lighthouse,,Bird Keeper,Denis,,,,,,,,
134,Shining Lighthouse,,Sailor,Terrell,26,,24,,,,,
135,Shining Lighthouse,,Sailor,Roberto,,,,,,,,
136,Mt. Mortar,,Poké Maniac,Harrison,,26,,,,,,
137,Route 42,,Fisherman,Tully,,,,,,,,
138,Route 42,,Poké Maniac,Shane,,,25,,,,,
139,Route 42,,Hiker,Benjamin,,,,,,,,
140,Route 43,,Camper,Spencer,,,,,,,,
141,Route 43,,Picnicker,Tiffany,,,,,,,,
142,Route 43,,Poké Maniac,Brent,,27,26,16,,,,
143,Route 43,,Poké Maniac,Beckett,,,,,,,,
144,Route 43,,Poké Maniac,Ron,,,,17,,,,
145,Route 43,,Fisherman,Marvin,,,,,,,,
146,Ecruteak City,,Medium,Georgina,,,,18,,,,
147,Ecruteak City,,Medium,Grace,,,,19,,,,
148,Ecruteak City,,Medium,Edith,,28,,,,,,
149,Ecruteak City,,Medium,Martha,,,,20,,,,
150,Ecruteak City,,Leader,Morty,,,,21,,,,
151,Route 40,,Swimmer,Simon,,,,,,,,
152,Route 40,,Swimmer,Elaine,,,,,,,,
153,Route 40,,Swimmer,Randall,,,,,,,,
154,Route 40,,Swimmer,Paula,,,27,22,,,,
155,Route 41,,Swimmer,George,,,,23,,,,
156,Route 41,,Swimmer,Charlie,27,,,,,,,
157,Route 41,,Swimmer,Kaylee,,,,24,,,,
158,Route 41,,Swimmer,Matthew,,,,,,,,
159,Route 41,,Swimmer,Ronald,28,,,,,,,
160,Route 41,,Swimmer,Denise,,,,25,,,,
161,Route 41,,Swimmer,Berke,,,,,,,,
162,Route 41,,Swimmer,Kara,,,,,,,,
163,Route 41,,Swimmer,Wendy,,,,,,,,
164,Route 41,,Swimmer,Susie,,,,,,,,
165,Cianwood City,,Mystery Man,Eusine,,,,26,,,,
166,Cianwood City,,Black Belt,Yoshi,,29,,,,,,
167,Cianwood City,,Black Belt,Nob,,,,,,,,
168,Cianwood City,,Black Belt,Lao,,,,,,,,
169,Cianwood City,,Black Belt,Lung,,,,27,,,,
170,Cianwood City,,Leader,Chuck,,,,,,,,
171,Route 47,,Hiker,Devin,29,,,,,,,
172,Route 47,,Double Team,Thom & Kae,,30,28,,,,,
173,Route 47,,Camper,Grant,,,,,,,,
174,Route 47,,Young Couple,Duff & Eda,,,,28,,,,
175,Rocket Hideout,,Team Rocket Grunt,,,,,,,,,
176,Rocket Hideout,,Team Rocket Grunt,,,,,,,,,
177,Rocket Hideout,,Team Rocket Grunt,,,,,,,,,
178,Rocket Hideout,,Team Rocket Grunt,,,,,29,,,,
179,Rocket Hideout,,Team Rocket Grunt,,,,,,,,,
180,Rocket Hideout,,Scientist,Gregg,,,,,,,,
181,Rocket Hideout,,Team Rocket Grunt,,,,,,,,,
182,Rocket Hideout,,Team Rocket Grunt,,,,,30,,,,
183,Rocket Hideout,,Team Rocket Grunt,,,,29,,,,,
184,Rocket Hideout,,Team Rocket Grunt,,,,,,,,,
185,Rocket Hideout,,Team Rocket Grunt,,,,,,,,,
186,Rocket Hideout,,Team Rocket Grunt,,,,,,,,,
187,Rocket Hideout,,Team Rocket Grunt,,,,30,,,,,
188,Rocket Hideout,,Team Rocket Grunt,,,,,,,,,
189,Rocket Hideout,,Scientist,Ross,30,,,,,,,
190,Rocket Hideout,,Team Rocket Grunt,,,,,,,,,
191,Rocket Hideout,,Scientist,Mitch,,,,,,,,
192,Rocket Hideout,,Team Rocket Grunt,,,,,,,,,
193,Rocket Hideout,,Team Rocket Grunt,,,,,,,,,
194,Rocket Hideout,,Executive,Petrel,31,,,,,,,
195,Rocket Hideout,,Executive/Team Rocket Grunt,Ariana/,,31,,,,,,
196,Mahogany Town,,Skier,Diana,,,,,,,,
197,Mahogany Town,,Boarder,Patton,,,,,,,,
198,Mahogany Town,,Boarder,Deandre,,,,,,,,
199,Mahogany Town,,Boarder,Gerardo,32,,,,,,,
200,Mahogany Town,,Skier,Jill,,,,,,,,
201,Mahogany Town,,Leader,Pryce,33,,,,,,,
202,Mahogany Town,,Leader,Pryce,,,,31,,,,
203,Mahogany Town,,Leader,Pryce,,,,,,,,
204,Mahogany Town,,Leader,Pryce,,,,,,,,
205,Mahogany Town,,Leader,Pryce,34,,,,20,,,
206,Olivine City,,Leader,Jasmine,,,,32,21,,,
207,Olivine City,,Leader,Jasmine,,,,,22,,,
208,Radio Tower,,Team Rocket Grunt,,,,,,,,,
209,Radio Tower,,Team Rocket Grunt,,,,,,,,,
210,Radio Tower,,Team Rocket Grunt,,,,,,23,,,
211,Radio Tower,,Team Rocket Grunt,,,,31,,,,,
212,Radio Tower,,Team Rocket Grunt,,,,,,24,,,
213,Radio Tower,,Team Rocket Grunt,,,32,,,,,,
214,Radio Tower,,Scientist,Garett,,,,,,,,
215,Radio Tower,,Team Rocket Grunt,,,,,,25,,,
216,Radio Tower,,Team Rocket Grunt,,,,,,,,,
217,Radio Tower,,Team Rocket Grunt,,,,,,,,,
218,Radio Tower,,Scientist,Trenton,,,,,26,,,
219,Radio Tower,,Team Rocket Grunt,,,,,,,,,
220,Radio Tower,,Executive,Petrel,,,,33,27,,,
221,Goldenrod Underground,,Team Rocket Grunt,,,,,,,,,
222,Goldenrod Underground,,Rival,Theo,,,,,28,,,
223,Goldenrod Underground,,Team Rocket Grunt,,,,,,,,,
224,Goldenrod Underground,,Burglar,Duncan,,,32,,29,,,
225,Goldenrod Underground,,Burglar,Orson,,,,,,,,
226,Goldenrod Underground,,Team Rocket Grunt,,,,,,,,,
227,Goldenrod Underground,,Team Rocket Grunt,,,,,,30,,,
228,Goldenrod Underground,,Team Rocket Grunt,,,,,34,,,,
229,Goldenrod Underground,,Team Rocket Grunt,,,,,,,,,
230,Goldenrod Underground,,Team Rocket Grunt,,,,,,,,,
231,Radio Tower,,Team Rocket Grunt,,,,33,,31,,,
232,Radio Tower,,Executive,Proton,,,,,,,,
233,Radio Tower,,Executive,Ariana,,,,,,,,
234,Radio Tower,,Executive,Archer,,33,,,32,,,
235,Route 44,,Psychic,Phil,,,,,,,,
236,Route 44,,Bird Keeper,Vance,,,,,,,,
237,Route 44,,Ace Trainer,Allen,,,,,33,,,
238,Route 44,,Fisherman,Edgar,,,34,,,,,
239,Route 44,,Ace Trainer,Cybil,,,,,,,,
240,Route 44,,Poké Maniac,Zach,,,,,,,,
241,Route 44,,Fisherman,Wilton,,,,,,,,
242,Blackthorn City,,Ace Trainer,Paulo,,,,,34,,,
243,Blackthorn City,,Ace Trainer,Lola,,,,,,,,
244,Blackthorn City,,Ace Trainer,Cody,,34,,,,,,
245,Blackthorn City,,Ace Trainer,Fran,35,,,,,,,
246,Blackthorn City,,Ace Trainer,Mike,,,,,,,,
247,Blackthorn City,,Leader,Claire,,,,,35,,,
248,Blackthorn City,,Leader,Claire,,,,35,,,,
249,Blackthorn City,,Leader,Claire,,,,,,,,
250,Blackthorn City,,Leader,Claire,,,,,36,17,,
251,Blackthorn City,,Leader,Claire,,,35,,,18,,
252,Blackthorn City,,Leader,Claire,,,,,,19,,
253,Blackthorn City,,Leader,Claire,,,,,,20,,
254,Blackthorn City,,Leader,Claire,,,,,,21,,
255,Blackthorn City,,Leader,Claire,,,,36,,22,,
256,Blackthorn City,,Leader,Claire,,35,,,,23,,
257,Blackthorn City,,Leader,Claire,,,,,,24,,
258,Blackthorn City,,Leader,Claire,,,36,,,25,,
259,Blackthorn City,,Leader,Claire,,,,,,,,
260,Route 45,,Hiker,Parry,,,,,,,,
261,Route 46,,Camper/Picnicker,Ted/Erin,,,,,,26,,
262,Route 45,,Hiker,Erik,,,,,,,,
263,Route 45,,Ace Trainer,Kelly,,,,,,,,
264,Route 45,,Black Belt,Kenji,36,,,,,,,
265,Route 45,,Hiker,Timothy,,,,,,27,,
266,Route 46,,Hiker,Bailey,,,,,,,,
267,Route 45,,Ace Trainer,Ryan,,,,,,,,
268,Route 45,,Hiker,Michael,,,,,,28,,
269,Blackthorn City,,Leader,Claire,,,,,,,,
270,Blackthorn City,,Leader,Claire,,36,,,,29,,
271,Blackthorn City,,Leader,Claire,,,37,,,30,,
272,Blackthorn City,,Leader,Claire,,,,,,,,
273,Blackthorn City,,Leader,Claire,,,,,,31,,
274,Blackthorn City,,Leader,Claire,,,,,,,,
275,Blackthorn City,,Leader,Claire,,,38,,,,,
276,Blackthorn City,,Leader,Claire,,,,37,,32,,
277,Blackthorn City,,Leader,Claire,,,,,,33,,
278,Dragon's Den,,Ace Trainer,Kobe,,,,,,,,
279,Dragon's Den,,Ace Trainer,Piper,,,,,,,,
280,Dragon's Den,,Twins,Clea & Gil,37,,,,,,,
281,Ecruteak City,,Kimono Girl,Zuki,,,,,,,,
282,Ecruteak City,,Kimono Girl,Naoko,,,,,,,,
283,Ecruteak City,,Kimono Girl,Miki,,,,,,,,
284,Ecruteak City,,Kimono Girl,Zuki,,37,,,,34,,
285,Ecruteak City,,Kimono Girl,Naoko,,,,,,,,
286,Ecruteak City,,Kimono Girl,Miki,,,,,,,,
287,Ecruteak City,,Kimono Girl,Sayo,,,,,,,,
288,Ecruteak City,,Kimono Girl,Zuki,,,39,,,,,
289,Ecruteak City,,Kimono Girl,Naoko,,,,,,,,
290,Ecruteak City,,Kimono Girl,Miki,,,,,,35,,
291,Ecruteak City,,Kimono Girl,Sayo,,,,,,,,
292,Ecruteak City,,Kimono Girl,Zuki,,,,,,,,
293,Ecruteak City,,Kimono Girl,Naoko,,,,,,,,
294,Ecruteak City,,Kimono Girl,Zuki,,,,38,,,,
295,Ecruteak City,,Kimono Girl,Naoko,,,,,,,,
296,Ecruteak City,,Kimono Girl,Zuki,,,,,,,,
297,Ecruteak City,,Kimono Girl,Naoko,,,,,,36,,
298,Ecruteak City,,Kimono Girl,Miki,,,,,37,,,
299,Ecruteak City,,Kimono Girl,Sayo,,,,,,,,
300,Ecruteak City,,Kimono Girl,Kuni,,,,,,,,
301,Ecruteak City,,Kimono Girl,Zuki,,,,,,,,
302,Ecruteak City,,Kimono Girl,Naoko,,,,,,,,
303,Ecruteak City,,Kimono Girl,Miki,,,,,,,,
304,Ecruteak City,,Kimono Girl,Sayo,,,,,,37,,
305,Ecruteak City,,Kimono Girl,Kuni,,,,,,,,
306,Ecruteak City,,Kimono Girl,Zuki,,,,,,,,
307,Ecruteak City,,Kimono Girl,Naoko,,,,,,,,
308,Ecruteak City,,Kimono Girl,Miki,,,,,,,,
309,Ecruteak City,,Kimono Girl,Sayo,,,,,,38,,
310,Ecruteak City,,Kimono Girl,Kuni,,,,,,,,
311,Ecruteak City,,Kimono Girl,Zuki,,,,,,,,
312,Ecruteak City,,Kimono Girl,Naoko,,,,,,,,
313,Ecruteak City,,Kimono Girl,Miki,,,,39,,,,
314,Ecruteak City,,Kimono Girl,Sayo,,,,,,,,
315,Ecruteak City,,Kimono Girl,Kuni,,,,,,,,
316,Ecruteak City,,Kimono Girl,Zuki,,,,,,,,
317,Ecruteak City,,Kimono Girl,Naoko,,,,,,,,
318,Ecruteak City,,Kimono Girl,Miki,,,,,,39,,
319,Ecruteak City,,Kimono Girl,Sayo,,,,,,,,
320,Ecruteak City,,Kimono Girl,Kuni,,,,,,,,
321,Ecruteak City,,Kimono Girl,Zuki,,,,,,,,
322,Ecruteak City,,Kimono Girl,Naoko,,,,,,,,
323,Ecruteak City,,Kimono Girl,Miki,,,,,,,,
324,Ecruteak City,,Kimono Girl,Sayo,,,,,,40,,
325,Ecruteak City,,Kimono Girl,Kuni,,,,,,,,
326,Ecruteak City,,Kimono Girl,Zuki,,,,,,,,
327,Ecruteak City,,Kimono Girl,Naoko,,,,,,,,
328,Ecruteak City,,Kimono Girl,Miki,,,,,,,,
329,Ecruteak City,,Kimono Girl,Sayo,38,,,,,,,
330,Ecruteak City,,Kimono Girl,Kuni,,,,,,,,
331,Ecruteak City,,Kimono Girl,Zuki,,,,,,,,
332,Ecruteak City,,Kimono Girl,Naoko,,,,,,,,
333,Ecruteak City,,Kimono Girl,Miki,,,,,,,,
334,Ecruteak City,,Kimono Girl,Sayo,,,,,,,,
335,Ecruteak City,,Kimono Girl,Kuni,,38,,,,,,
336,Bell Tower,,Wild,Ho-Oh,39,,,,,,,
337,Mt. Mortar,,Super Nerd,Markus,,,,,,,,
338,Mt. Mortar,,Super Nerd,Hugh,,,,,38,,,
339,Mt. Mortar,,Black Belt,Kiyo,,,,,,,,
340,Route 27,,Ace Trainer,Megan,,,,40,,,,
341,Route 27,,Ace Trainer,Blake,,,,,,,,
342,Route 26,,Fisherman,Scott,,,,,,,,
343,Route 27,,Psychic,Eli,,,,,,,,
344,Route 27,,Ace Trainer,Reena,,39,,,39,,,
345,Route 27,,Ace Trainer,Brian,,,,,,,,
346,Route 27,,Bird Keeper,Jose,,,,,,,,
347,Route 26,,Psychic,Vernon,,,,,,,,
348,Route 26,,Ace Trainer,Joyce,,,,,,41,,
349,Route 26,,Ace Trainer,Gaven,,,,,,,,
350,Route 26,,Ace Trainer,Jake,40,40,,,,,,
351,Route 26,,Ace Trainer,Jamie,,,,,40,,,
352,Victory Road,,Rival,Theo,,,40,,,,,
353,Pokémon League,1,Elite Four,Will,,,,,41,,,
354,Pokémon League,1,Elite Four,Koga,,,,,43,,,
355,Pokémon League,1,Elite Four,Will,,,,41,,,,
356,Pokémon League,1,Elite Four,Koga,,,,,,,,
357,Pokémon League,1,Elite Four,Will,41,41,,,,,,
358,Pokémon League,1,Elite Four,Koga,,,,,,,,
359,Pokémon League,1,Elite Four,Will,42,,41,42,,,,
360,Pokémon League,1,Elite Four,Koga,,,42,,,,,
361,Pokémon League,1,Elite Four,Will,,,,,,42,,
362,Pokémon League,1,Elite Four,Koga,,,,,,,,
363,Pokémon League,1,Elite Four,Will,,42,,43,,,,
364,Pokémon League,1,Elite Four,Koga,,,,,,,,
365,Pokémon League,1,Elite Four,Will,,,,,,43,,
366,Pokémon League,1,Elite Four,Koga,,,,,,,,
367,Pokémon League,1,Elite Four,Bruno,,,,,,,,
368,Pokémon League,1,Elite Four,Will,43,43,,,,44,,
369,Pokémon League,1,Elite Four,Koga,,,,,,,,
370,Pokémon League,1,Elite Four,Will,,,43,,44,,,
371,Pokémon League,1,Elite Four,Koga,,,44,,,,,
372,Pokémon League,1,Elite Four,Bruno,,,,,,,,
373,Pokémon League,1,Elite Four,Will,44,,,44,,,,
374,Pokémon League,1,Elite Four,Koga,,,,,,,,
375,Pokémon League,1,Elite Four,Will,,44,,,,,,
376,Pokémon League,1,Elite Four,Koga,,,,,,,,
377,Pokémon League,1,Elite Four,Will,,,,,,,,
378,Pokémon League,1,Elite Four,Koga,,45,,,,45,,
379,Pokémon League,1,Elite Four,Bruno,,,,,,,,
380,Pokémon League,1,Elite Four,Will,,,45,45,,,,
381,Pokémon League,1,Elite Four,Koga,,,,,45,,,
382,Pokémon League,1,Elite Four,Will,45,,,,,,,
383,Pokémon League,1,Elite Four,Koga,,,,,,,,
384,Pokémon League,1,Elite Four,Will,,,,,,,,
385,Pokémon League,1,Elite Four,Koga,,46,,,,46,,
386,Pokémon League,1,Elite Four,Bruno,,,,,,,,
387,Pokémon League,1,Elite Four,Will,46,,,46,,,,
388,Pokémon League,1,Elite Four,Koga,,,46,47,46,,,
389,Pokémon League,1,Elite Four,Bruno,,,,,,,,
390,Pokémon League,1,Elite Four,Will,,,,,,47,,
391,Pokémon League,1,Elite Four,Koga,,,,,,,,
392,Pokémon League,1,Elite Four,Bruno,,,,,,,,
393,Pokémon League,1,Elite Four,Will,,,,,,,,
394,Pokémon League,1,Elite Four,Koga,,,,,47,,,
395,Pokémon League,1,Elite Four,Bruno,,,,,,,,
396,Pokémon League,1,Elite Four,Will,47,,47,,,,,
397,Pokémon League,1,Elite Four,Koga,,,,48,,,,
398,Pokémon League,1,Elite Four,Will,,47,,,,,,
399,Pokémon League,1,Elite Four,Koga,,,,,,,,
400,Pokémon League,1,Elite Four,Bruno,,,,,,,,
401,Pokémon League,1,Elite Four,Will,,48,,,,48,,
402,Pokémon League,1,Elite Four,Koga,,,,,,,,
403,Pokémon League,1,Elite Four,Bruno,,,,,,,,
404,Pokémon League,1,Elite Four,Will,48,,48,,,,,
405,Pokémon League,1,Elite Four,Koga,,,,49,,,,
406,Pokémon League,1,Elite Four,Bruno,,,,,48,,,
407,Pokémon League,1,Elite Four,Karen,,,,,,,,
408,Pokémon League,1,Elite Four,Will,49,,,,,49,,
409,Pokémon League,1,Elite Four,Koga,,,,,,,,
410,Pokémon League,1,Elite Four,Bruno,,,,,,,,
411,Pokémon League,1,Elite Four,Will,,,49,,,,,
412,Pokémon League,1,Elite Four,Koga,,,,50,,,,
413,Pokémon League,1,Elite Four,Bruno,,,,,,,,
414,Pokémon League,1,Elite Four,Will,,,,,49,50,,
415,Pokémon League,1,Elite Four,Koga,,,,,,,,
416,Pokémon League,1,Elite Four,Bruno,,,,,50,,,
417,Pokémon League,1,Elite Four,Karen,,,,51,,,,
418,Pokémon League,1,Elite Four,Will,,49,,,,,,
419,Pokémon League,1,Elite Four,Koga,,,,,,,,
420,Pokémon League,1,Elite Four,Bruno,,50,,,,,,
421,Pokémon League,1,Elite Four,Karen,,,50,,,,,
422,Pokémon League,1,Champion,Lance,,51,51,,51,,,
423,S.S. Aqua,,Hiker,Noland,,,,,,,,
424,S.S. Aqua,,Pokéfan,Colin,,,,,,,,
425,S.S. Aqua,,Twins,Meg & Peg,,,,,,,,
426,S.S. Aqua,,Firebreather,Lyle,50,,,,,,,
427,S.S. Aqua,,Sailor,Jeff,,,,,,,,
428,S.S. Aqua,,Juggler,Fritz,,,,,,51,,
429,S.S. Aqua,,Sailor,Stanley,51,,,,,,,
430,S.S. Aqua,,Picnicker,Debra,,,,,,,,
431,Route 6,,Picnicker,Selina,,,,,,,,
432,Route 6,,Twins,Day & Dani,,,,,,,,
433,Route 6,,Camper,Virgil,,,,,,,,
434,Route 8,,Biker,Dwayne,,,,,,,,
435,Route 8,,Biker,Harris,52,,,,,,,
436,Route 8,,Biker,Zeke,,,,,,,,
437,Route 8,,Super Nerd,Sam,,,,,,,,
438,Route 8,,Young Couple,Moe & Lulu,,,,,,,,
439,Route 8,,Super Nerd,Tyrone,,,,,,,,
440,Route 8,,Gentleman,Milton,,,,,52,,,
441,Route 12,,Fisherman,Kyle,,,,,,,,
442,Route 12,,Bird Keeper,Justin,,52,,,,,,
443,Route 12,,Fisherman,Martin,,,,,,,,
444,Route 12,,Young Couple,Vic & Tara,,,,,,,,
445,Route 12,,Fisherman,Stephen,,,,52,,,,
446,Route 12,,Bird Keeper,Gail,,,,,,,,
447,Route 12,,Fisherman,Barney,,,,,,,,
448,Route 12,,Fisherman,Kyler,,,,,,,,
449,Route 11,,Psychic,Herman,,,52,,,,,
450,Route 11,,Youngster,Jason,,,,,,,,
451,Route 11,,Youngster,Owen,,,,,,,,
452,Route 11,,Psychic,Fidel,,,,,,,,
453,Route 13,,Bird Keeper,Bret,,,,,,52,,
454,Route 13,,Picnicker,Piper,,,,,,,,
455,Route 13,,Bird Keeper,Perry,,,,,,,,
456,Route 13,,Young Couple,Tim & Sue,,,,,,,,
457,Route 13,,Pokéfan,Joshua,,,,,,,,
458,Route 13,,Camper,Tanner,,,,,,,,
459,Route 13,,Pokéfan,Alex,,,,,,,,
460,Route 13,,Picnicker,Ginger,,,,,,53,,
461,Route 13,,Camper,Clark,,,,,,,,
462,Route 13,,Hiker,Kenny,,,,,,,,
463,Route 17,,Biker,Dale,,,,,,,,
464,Route 17,,Biker,Reese,,,,,,,,
465,Route 17,,Biker,Aiden,,,,,,,,
466,Route 17,,Biker/Biker,Dan/Theron,53,,,,,,,
467,Route 17,,Biker,Glenn,,,,,,,,
468,Route 17,,Biker,Teddy,,,,,,,,
469,Route 17,,Biker,Markey,,,,,,,,
470,Route 17,,Biker,Charles,,,,,53,,,
471,Route 17,,Biker,Joel,,,,,,,,
472,Route 17,,Biker,Jacob,,53,,,,,,
473,Route 17,,Biker,Ernest,,,,,,,,
474,Route 18,,Bird Keeper,Bob,,,,,,,,
475,Route 18,,Bird Keeper,Boris,,,,,,,,
476,Route 15,,School Kid,Kipp,,,,53,,,,
477,Route 15,,School Kid,Tommy,,,53,,,,,
478,Route 15,,Teacher,Hillary,,,,,,,,
479,Route 15,,Pokéfan,Boone,,,,,,,,
480,Route 15,,School Kid,Johnny,,,54,,,,,
481,Route 15,,School Kid,Billy,,,,,,,,
482,Route 15,,Teacher,Colette,,,,,,,,
483,Route 15,,Twins,Kay & Tia,,,,,,,,
484,Route 15,,Teacher,Eleanor,,,,,,,,
485,Route 14,,Bird Keeper,Roy,,,,,,,,
486,Route 14,,Pokéfan,Carter,,,,,,,,
487,Route 14,,Bird Keeper,Josh,,,,,,,,
488,Route 14,,Pokéfan,Trevor,,,,,,,,
489,Route 14,,School Kid,Connor,,,,,,54,,
490,Route 14,,Teacher/School Kid,Clarice/Torrin,,,,,,,,
491,Route 14,,School Kid,Travis,,,,,,,,
492,Route 25,,School Kid,Dudley,,,,,,,,
493,Route 25,,Lass,Ellen,,,,,,,,
494,Route 25,,School Kid,Joe,,,,,,,,
495,Route 25,,Camper,Lloyd,54,,,,,,,
496,Route 25,,Lass/Lass,Laura/Shannon,,,,,54,,,
497,Route 25,,Super Nerd,Pat,,,,,,,,
498,Route 25,,Ace Trainer,Kevin,,,,,,,,
499,Route 9,,Picnicker,Edna,,,,,,,,
500,Route 9,,Camper,Sid,,54,,,,,,
501,Route 9,,Camper,Dean,,,,,,,,
502,Route 9,,Hiker,Clarke,,,,54,,,,
503,Route 9,,Hiker,Eoin,,,,,,,,
504,Route 9,,Picnicker,Heidi,,,,,,,,
505,Route 10,,Hiker,Jim,,,,,,,,
506,Route 10,,Pokéfan,Robert,,,,55,,,,
507,Route 24,,Team Rocket Grunt,,,,,,,,,
508,Route 1,,School Kid,Sherman,,55,,,,,,
509,Route 1,,School Kid,Danny,,,,,,,,
510,Route 1,,Ace Trainer,French,,,,,,55,,
511,Route 1,,Ace Trainer,Quinn,,,,,55,,,
512,Route 21,,Swimmer,Nikki,,,,,,,,
513,Route 21,,Fisherman,Arnold,,,,,,,,
514,Route 21,,Bird Keeper,Kinsley,,,,,,,,
515,Route 21,,Fisherman,Murphy,,,55,,,,,
516,Route 21,,Swimmer,Chelan,,,,,,,,
517,Route 21,,Fisherman,Liam,,,,,,,,
518,Route 21,,Swimmer,Tyson,,,,,,,,
519,Route 21,,Fisherman,Gideon,,,,,,,,
520,Route 21,,Fisherman,Duane,55,,,,,,,
521,Route 21,,Swimmer,Esteban,,,,,,,,
522,Route 21,,Bird Keeper,Easton,,,,,,,,
523,Route 21,,Swimmer,Kendra,56,,,,,,,
524,Route 20,,Bird Keeper,Bert,,,,,,,,
525,Route 20,,Picnicker,Cheyenne,,,,,,,,
526,Route 20,,Swimmer,Frankie,,,,,,,,
527,Route 20,,Swimmer,Mina,,,,,,,,
528,Route 20,,Swimmer,Leona,,,,,,,,
529,Route 20,,Picnicker,Adrian,,,,,,,,
530,Route 20,,Camper,Pedro,,,,56,,,,
531,Route 20,,Swimmer,Elmo,,,,,,,,
532,Route 20,,Swimmer,Lori,,56,,,,,,
533,Route 20,,Swimmer,Nicole,,,,,,,,
534,Route 19,,Swimmer,Harold,,,,,,,,
535,Route 19,,Swimmer,Debbie,,,,,,,,
536,Route 19,,Swimmer,Jerome,,,,,,56,,
537,Route 19,,Swimmer,Tucker,,,,,,,,
538,Route 2,,Bug Catcher,Rob,,,,,,,,
539,Route 2,,Bug Catcher,Doug,,,,,56,,,
540,Viridian Forest,,Bug Catcher,Dane,,,,,,,,
541,Viridian Forest,,Bug Catcher,Dion,,,,,,,,
542,Viridian Forest,,Bug Catcher,Stacey,,,56,,,,,
543,Viridian Forest,,Bug Catcher,Ellis,,,,,,,,
544,Viridian Forest,,Bug Catcher,Abner,,,,,,,,
545,Route 2,,Bug Catcher,Ed,,,57,,,,,
546,Route 3,,Youngster,Regis,,,,,,,,
547,Route 3,,Double Team,Zac & Jen,,,,,,,,
548,Route 3,,Youngster,Warren,,,,,,,,
549,Route 3,,Youngster,Jimmy,,,,,,,,
550,Route 3,,Firebreather,Otis,57,,,,,,,
551,Route 3,,Hiker,Bruce,,,,,,,,
552,Route 3,,Black Belt,Manford,,,,,,,,
553,Route 3,,Black Belt,Ander,,,,,,,,
554,Route 3,,Hiker,Dwight,,,,57,,,,
555,Route 3,,Firebreather,Burt,,,,,,,,
556,Mt. Moon,,Rival,Theo,,,,58,,,,
557,Route 4,,Picnicker,Hope,,,,,,,,
558,Route 4,,Bird Keeper,Hank,,,,,,,,
559,Route 4,,Picnicker,Sharon,,57,,,,,,
560,Vermillion City,,Guitarist/Juggler,Vincent/Horton,,,,,,,,
561,Vermillion City,,Gentleman,Gregory,,,,,,,,
562,Vermillion City,,Leader,Lt. Surge,,,,,,57,,
563,Pewter City,,Camper,Jerry,,,,,57,,,
564,Pewter City,,Hiker,Edwin,,,,,,,,
565,Pewter City,,Leader,Brock,,,,,58,,,
566,Cerulean City,,Sailor,Parker,,,,,,,,
567,Cerulean City,,Sailor,Eddie,,,,,,,,
568,Cerulean City,,Swimmer,Diana,,,,,,,,
569,Cerulean City,,Swimmer,Joy,,,,,,,,
570,Cerulean City,,Swimmer,Briana,58,,,,,,,
571,Cerulean City,,Leader,Misty,,,,,,,,
572,Celadon City,,Twins,Jo & Zoe,,,,,,,,
573,Celadon City,,Lass,Michelle,,,,,,,,
574,Celadon City,,Picnicker,Tanya,,,,,,,,
575,Celadon City,,Beauty,Julia,,,58,,,,,
576,Celadon City,,Leader,Erika,,,,,,,,
577,Saffron City,,Medium,Rebecca,,,,,,,,
578,Saffron City,,Psychic,Franklin,,,,,,,,
579,Saffron City,,Medium,Darcy,,,,,,58,,
580,Saffron City,,Psychic,Jared,,,,,,,,
581,Saffron City,,Leader,Sabrina,,,,,,,,
582,Fuschia City,,Picnicker,Cindy,,58,,,,,,
583,Fuschia City,,Camper,Barry,,,,,,,,
584,Fuschia City,,Lass,Linda,,,,,,,,
585,Fuschia City,,Leader,Janine,,59,,,,,,
586,Seafoam Islands,,Scientist,Lowell,,,,,,,,
587,Seafoam Islands,,Super Nerd,Cary,,,,,,,,
588,Seafoam Islands,,Scientist,Linden,,,,,,,,
589,Seafoam Islands,,Super Nerd,Waldo,,,,,59,,,
590,Seafoam Islands,,Super Nerd,Merle,,,,,,,,
591,Seafoam Islands,,Scientist,Daniel,,,,,,,,
592,Seafoam Islands,,Leader,Blane,,,,,,,,
593,Viridian City,,Ace Trainer,Salma,,,,,,59,,
594,Viridian City,,Ace Trainer,Arabella,,,,,,,,
595,Viridian City,,Double Team,Elan & Ida,59,,59,,,,,
596,Viridian City,,Ace Trainer,Bonita,,,,,60,,,
597,Viridian City,,Leader,Blue,,,,,,,,
598,Pokémon League,2,Elite Four,Will,,,,59,,,,
599,Pokémon League,2,Elite Four,Will,,,,,,,,
600,Pokémon League,2,Elite Four,Will,,,,,,60,,
601,Pokémon League,2,Elite Four,Koga,,,,,,,,
602,Pokémon League,2,Elite Four,Will,,,60,60,,,,
603,Pokémon League,2,Elite Four,Koga,,,,,,,,
604,Pokémon League,2,Elite Four,Bruno,,,,,,,,
605,Pokémon League,2,Elite Four,Will,60,60,,,,,,
606,Pokémon League,2,Elite Four,Koga,,61,,61,,,,
607,Pokémon League,2,Elite Four,Bruno,,,,,,,,
608,Pokémon League,2,Elite Four,Will,,,,,,,,
609,Pokémon League,2,Elite Four,Koga,,,,,,61,,
610,Pokémon League,2,Elite Four,Bruno,,,,,,,,
611,Pokémon League,2,Elite Four,Will,,,61,,,,,
612,Pokémon League,2,Elite Four,Koga,,,,62,,,,
613,Pokémon League,2,Elite Four,Will,,,,,61,62,,
614,Pokémon League,2,Elite Four,Koga,,,,,62,,,
615,Pokémon League,2,Elite Four,Bruno,,,62,,,,,
616,Pokémon League,2,Elite Four,Karen,,,,,,,,
617,Pokémon League,2,Elite Four,Will,61,,,,,63,,
618,Pokémon League,2,Elite Four,Koga,,,,,63,,,
619,Pokémon League,2,Elite Four,Bruno,62,,63,,,,,
620,Pokémon League,2,Elite Four,Karen,,,,,,,,
621,Pokémon League,2,Elite Four,Will,,,,,,,,
622,Pokémon League,2,Elite Four,Koga,,62,,,,,,
623,Pokémon League,2,Elite Four,Bruno,,63,,,,,,
624,Pokémon League,2,Elite Four,Karen,,,,,,,,
625,Pokémon League,2,Elite Four,Will,,,,63,,64,,
626,Pokémon League,2,Elite Four,Koga,63,,,,,,,
627,Pokémon League,2,Elite Four,Bruno,,,,64,,,,
628,Pokémon League,2,Elite Four,Will,,,,,,,,
629,Pokémon League,2,Elite Four,Koga,,,,,64,,,
630,Pokémon League,2,Elite Four,Bruno,,,64,,,,,
631,Pokémon League,2,Elite Four,Karen,,,,,65,65,,
632,Pokémon League,2,Elite Four,Will,,,,,,,,
633,Pokémon League,2,Elite Four,Koga,,64,,65,,,,
634,Pokémon League,2,Elite Four,Bruno,,,,,,,,
635,Pokémon League,2,Elite Four,Karen,,65,,,,66,,
636,Pokémon League,2,Elite Four,Will,,,65,,,,,
637,Pokémon League,2,Elite Four,Koga,64,,,,,,,
638,Pokémon League,2,Elite Four,Bruno,,,,,,,,
639,Pokémon League,2,Elite Four,Karen,65,,,,,,,
640,Pokémon League,2,Champion,Lance,,,,,,,,
641,Pokémon League,2,Elite Four,Will,,,,,66,,,
642,Pokémon League,2,Elite Four,Koga,,,,,,,,
643,Pokémon League,2,Elite Four,Will,,,,66,,67,,
644,Pokémon League,2,Elite Four,Koga,,,,,,,,
645,Pokémon League,2,Elite Four,Bruno,,,,67,,,,
646,Pokémon League,2,Elite Four,Karen,,,,,,,,
647,Pokémon League,2,Champion,Lance,,,,,,,,
648,Pokémon League,2,Elite Four,Will,,66,,,,,,
649,Pokémon League,2,Elite Four,Koga,,,,68,,,,
650,Pokémon League,2,Elite Four,Bruno,,67,66,,,,,
651,Pokémon League,2,Elite Four,Karen,66,,,,67,,,
652,Pokémon League,2,Champion,Lance,,,,,,,,
653,Pokémon League,2,Elite Four,Will,,,,,,68,,
654,Pokémon League,2,Elite Four,Koga,,,67,,,,,
655,Pokémon League,2,Elite Four,Bruno,,,,69,,,,
656,Pokémon League,2,Elite Four,Karen,,,68,,,,,
657,Pokémon League,2,Elite Four,Will,,,,,,,,
658,Pokémon League,2,Elite Four,Koga,67,,,,,,,
659,Pokémon League,2,Elite Four,Bruno,,,,,,,,
660,Pokémon League,2,Elite Four,Karen,68,,,,,,,
661,Pokémon League,2,Champion,Lance,,,,,,,,
662,Pokémon League,2,Elite Four,Will,,68,,,,,,
663,Pokémon League,2,Elite Four,Koga,,,,70,,,,
664,Pokémon League,2,Elite Four,Bruno,,69,69,,,,,
665,Pokémon League,2,Elite Four,Karen,,,,,,,,
666,Pokémon League,2,Champion,Lance,,,,,,,,
667,Pokémon League,2,Elite Four,Will,,,,,68,,,
668,Pokémon League,2,Elite Four,Koga,,,,,,,,
669,Pokémon League,2,Elite Four,Bruno,,,70,,69,,,
670,Pokémon League,2,Elite Four,Karen,,,,,,69,,
671,Pokémon League,2,Elite Four,Will,69,,,,,,,
672,Pokémon League,2,Elite Four,Koga,,,,71,,,,
673,Pokémon League,2,Elite Four,Bruno,70,,,,,,,
674,Pokémon League,2,Elite Four,Karen,,,,,,,,
675,Pokémon League,2,Elite Four,Will,,70,,,,,,
676,Pokémon League,2,Elite Four,Koga,,,,,70,,,
677,Pokémon League,2,Elite Four,Bruno,,71,71,,,,,
678,Pokémon League,2,Elite Four,Karen,,,,,,,,
679,Pokémon League,2,Elite Four,Will,,,,,,70,,
680,Pokémon League,2,Elite Four,Koga,,,,,,,,
681,Pokémon League,2,Elite Four,Bruno,,,,,,,,
682,Pokémon League,2,Elite Four,Karen,,,72,,,71,,
683,Pokémon League,2,Champion,Lance,,,,,,,,
684,Pokémon League,2,Elite Four,Will,,,,,,,,
685,Pokémon League,2,Elite Four,Koga,71,,,72,,,,
686,Pokémon League,2,Elite Four,Bruno,,,,,,,,
687,Pokémon League,2,Elite Four,Karen,72,,,,,,,
688,Pokémon League,2,Champion,Lance,,,,,,,,
689,Pokémon League,2,Elite Four,Will,,,,,,72,,
690,Pokémon League,2,Elite Four,Koga,,,,,71,,,
691,Pokémon League,2,Elite Four,Bruno,,,73,,,,,
692,Pokémon League,2,Elite Four,Karen,,,,,72,,,
693,Pokémon League,2,Champion,Lance,,,,,,,,
694,Pokémon League,2,Elite Four,Will,,,,,,,,
695,Pokémon League,2,Elite Four,Koga,,72,,,,,,
696,Pokémon League,2,Elite Four,Bruno,,,,,,,,
697,Pokémon League,2,Elite Four,Karen,,73,74,,,,,
698,Pokémon League,2,Champion,Lance,,,,,,73,,
699,Mt. Silver Cave,,Pkmn Trainer,Red,73,74,,,,,,
700,Mt. Silver Cave,,Pkmn Trainer,Red,,,,,,,,
701,Seafoam Islands,,Skier,Cady,,,,,,,,
702,Seafoam Islands,,Boarder,Shaun,,,,,73,,,
703,Seafoam Islands,,Boarder,Bryce,74,,,,,,,